{"cameraMode":{"drawMode":0,"name":"Shaded","section":"Shading Mode"},"sceneLighting":true,"audioPlay":false,"sceneViewState":{"m_AlwaysRefresh":false,"showFog":true,"showSkybox":true,"showFlares":true,"showImageEffects":true,"showParticleSystems":true,"showVisualEffectGraphs":true,"m_FxEnabled":true},"in2DMode":false,"pivot":{"x":2.677900552749634,"y":2.8447928428649904,"z":2.3300302028656008},"rotation":{"x":-0.46731141209602358,"y":0.013787931762635708,"z":-0.007289607543498278,"w":-0.8839588761329651},"size":4.661067008972168,"orthographic":false}